,tp,fp,tn,fn,precision,recall,accuracy,inspection_rate,f1_score,mcc,auc_pr
0,7.0,5.0,135.0,25.0,0.5833333333333334,0.21875,0.8255813953488372,0.06976744186046512,0.31818181818181823,0.2795916718648653,0.43623117162899233
1,9.0,3.0,137.0,22.0,0.75,0.2903225806451613,0.8538011695906432,0.07017543859649122,0.4186046511627908,0.4055429034241558,0.4211645480533426
2,16.0,8.0,272.0,47.0,0.6666666666666667,0.2545362903225806,0.8396912824697402,0.06997144022847818,0.3683932346723045,0.3425672876445105,0.4286978598411675
