,tp,fp,tn,fn,precision,recall,accuracy,inspection_rate,f1_score,mcc,auc_pr
0,4.0,1.0,21.0,1.0,0.8,0.8,0.9259259259259259,0.18518518518518517,0.8000000000000002,0.7545454545454545,0.8185185185185185
1,3.0,0.0,22.0,2.0,1.0,0.6,0.9259259259259259,0.1111111111111111,0.7499999999999999,0.7416198487095663,0.837037037037037
2,7.0,1.0,43.0,3.0,0.9,0.7,0.9259259259259259,0.14814814814814814,0.775,0.7480826516275104,0.8277777777777777
