,tp,fp,tn,fn,precision,recall,accuracy,inspection_rate,f1_score,mcc,auc_pr
0,44.0,31.0,875.0,236.0,0.5866666666666667,0.15714285714285714,0.7748735244519392,0.06323777403035413,0.24788732394366195,0.2144870351897161,0.5170772173974384
1,78.0,62.0,844.0,202.0,0.5571428571428572,0.2785714285714286,0.7774030354131535,0.11804384485666104,0.37142857142857144,0.2765791352524201,0.5102312956580368
2,122.0,93.0,1719.0,438.0,0.5719047619047619,0.21785714285714286,0.7761382799325464,0.09064080944350758,0.3096579476861167,0.2455330852210681,0.5136542565277376
