,tp,fp,tn,fn,precision,recall,accuracy,inspection_rate,f1_score,mcc,auc_pr
0,0.0,0.0,1176.0,10.0,0.0,0.0,0.9915682967959528,0.0,0.0,0.0,0.5043554006968641
1,0.0,0.0,1175.0,11.0,0.0,0.0,0.9907251264755481,0.0,0.0,0.0,0.5047660311958405
2,0.0,0.0,2351.0,21.0,0.0,0.0,0.9911467116357504,0.0,0.0,0.0,0.5045607159463523
