,tp,fp,tn,fn,precision,recall,accuracy,inspection_rate,f1_score,mcc,auc_pr
0,0.0,0.0,231.0,1.0,0.0,0.0,0.9956896551724138,0.0,0.0,0.0,0.0021551724137931034
1,0.0,0.0,230.0,2.0,0.0,0.0,0.9913793103448276,0.0,0.0,0.0,0.004310344827586207
2,0.0,0.0,461.0,3.0,0.0,0.0,0.9935344827586208,0.0,0.0,0.0,0.003232758620689655
