,tp,fp,tn,fn,precision,recall,accuracy,inspection_rate,f1_score,mcc,auc_pr
0,0.0,0.0,169.0,111.0,0.0,0.0,0.6035714285714285,0.0,0.0,0.0,0.6954967624368772
1,0.0,0.0,169.0,111.0,0.0,0.0,0.6035714285714285,0.0,0.0,0.0,0.20751738897806313
2,0.0,0.0,338.0,222.0,0.0,0.0,0.6035714285714285,0.0,0.0,0.0,0.4515070757074702
