,tp,fp,tn,fn,precision,recall,accuracy,inspection_rate,f1_score,mcc,auc_pr
0,0.0,4.0,188.0,6.0,0.0,0.0,0.9494949494949495,0.020202020202020204,0.0,-0.025383654128340476,0.015151515151515152
1,0.0,6.0,186.0,5.0,0.0,0.0,0.9441624365482234,0.030456852791878174,0.0,-0.028601797622267222,0.012690355329949238
2,0.0,10.0,374.0,11.0,0.0,0.0,0.9468286930215865,0.025329436496949187,0.0,-0.02699272587530385,0.013920935240732195
