,tp,fp,tn,fn,precision,recall,accuracy,inspection_rate,f1_score,mcc,auc_pr
0,10.0,17.0,21.0,15.0,0.37037037037037035,0.4,0.49206349206349204,0.42857142857142855,0.3846153846153846,-0.04682929057908469,0.4867969067969068
1,8.0,15.0,22.0,18.0,0.34782608695652173,0.3076923076923077,0.47619047619047616,0.36507936507936506,0.32653061224489793,-0.09991861462683989,0.4706163401815575
2,18.0,32.0,43.0,33.0,0.35909822866344604,0.35384615384615387,0.4841269841269841,0.3968253968253968,0.35557299843014123,-0.07337395260296228,0.47870662348923215
