,tp,fp,tn,fn,precision,recall,accuracy,inspection_rate,f1_score,mcc,auc_pr
0,0.0,18.0,106.0,11.0,0.0,0.0,0.7851851851851852,0.13333333333333333,0.0,-0.11682312562117461,0.040740740740740744
1,0.0,8.0,116.0,11.0,0.0,0.0,0.8592592592592593,0.05925925925925926,0.0,-0.07475300111716153,0.040740740740740744
2,0.0,26.0,222.0,22.0,0.0,0.0,0.8222222222222222,0.0962962962962963,0.0,-0.09578806336916806,0.040740740740740744
