,tp,fp,tn,fn,precision,recall,accuracy,inspection_rate,f1_score,mcc,auc_pr
0,0.0,0.0,160.0,26.0,0.0,0.0,0.8602150537634409,0.0,0.0,0.0,0.2508980267044783
1,0.0,0.0,159.0,26.0,0.0,0.0,0.8594594594594595,0.0,0.0,0.0,0.16440930211422014
2,0.0,0.0,319.0,52.0,0.0,0.0,0.8598372566114502,0.0,0.0,0.0,0.20765366440934924
