,tp,fp,tn,fn,precision,recall,accuracy,inspection_rate,f1_score,mcc,auc_pr
0,16.0,12.0,13.0,8.0,0.5714285714285714,0.6666666666666666,0.5918367346938775,0.5714285714285714,0.6153846153846153,0.18856180831641267,0.7006802721088434
1,12.0,10.0,15.0,12.0,0.5454545454545454,0.5,0.5510204081632653,0.4489795918367347,0.5217391304347826,0.1005037815259212,0.6451762523191095
2,28.0,22.0,28.0,20.0,0.5584415584415584,0.5833333333333333,0.5714285714285714,0.5102040816326531,0.568561872909699,0.14453279492116694,0.6729282622139765
