,tp,fp,tn,fn,precision,recall,accuracy,inspection_rate,f1_score,mcc,auc_pr
0,61.0,56.0,82.0,33.0,0.5213675213675214,0.648936170212766,0.6163793103448276,0.5043103448275862,0.5781990521327014,0.2387351506535347,0.6076409725565448
1,24.0,38.0,99.0,71.0,0.3870967741935484,0.25263157894736843,0.5301724137931034,0.2672413793103448,0.3057324840764331,-0.02749245228850073,0.5049092157581917
2,85.0,94.0,181.0,104.0,0.4542321477805349,0.4507838745800672,0.5732758620689655,0.3857758620689655,0.4419657681045672,0.10562134918251699,0.5562750941573682
