,tp,fp,tn,fn,precision,recall,accuracy,inspection_rate,f1_score,mcc,auc_pr
0,2.0,1.0,20.0,4.0,0.6666666666666666,0.3333333333333333,0.8148148148148148,0.1111111111111111,0.4444444444444444,0.3779644730092272,0.75
1,3.0,2.0,20.0,2.0,0.6,0.6,0.8518518518518519,0.18518518518518517,0.6,0.509090909090909,0.6770370370370371
2,5.0,3.0,40.0,6.0,0.6333333333333333,0.4666666666666667,0.8333333333333333,0.14814814814814814,0.5222222222222221,0.4435276910500681,0.7135185185185186
