,tp,fp,tn,fn,precision,recall,accuracy,inspection_rate,f1_score,mcc,auc_pr
0,0.0,1.0,121.0,13.0,0.0,0.0,0.8962962962962963,0.007407407407407408,0.0,-0.02819936712653613,0.11388741312405433
1,0.0,0.0,122.0,13.0,0.0,0.0,0.9037037037037037,0.0,0.0,0.0,0.36119251119251117
2,0.0,1.0,243.0,26.0,0.0,0.0,0.8999999999999999,0.003703703703703704,0.0,-0.014099683563268064,0.23753996215828274
