,tp,fp,tn,fn,precision,recall,accuracy,inspection_rate,f1_score,mcc,auc_pr
0,0.0,6.0,45.0,2.0,0.0,0.0,0.8490566037735849,0.11320754716981132,0.0,-0.0707549137677225,0.018867924528301886
1,0.0,2.0,48.0,2.0,0.0,0.0,0.9230769230769231,0.038461538461538464,0.0,-0.04,0.019230769230769232
2,0.0,8.0,93.0,4.0,0.0,0.0,0.886066763425254,0.0758345428156749,0.0,-0.055377456883861254,0.019049346879535557
