,tp,fp,tn,fn,precision,recall,accuracy,inspection_rate,f1_score,mcc,auc_pr
0,1.0,0.0,59.0,10.0,1.0,0.09090909090909091,0.8571428571428571,0.014285714285714285,0.16666666666666669,0.2788079273309064,0.6646795827123696
1,2.0,1.0,57.0,10.0,0.6666666666666666,0.16666666666666666,0.8428571428571429,0.04285714285714286,0.26666666666666666,0.27805498834326725,0.4437028363257871
2,3.0,1.0,116.0,20.0,0.8333333333333333,0.12878787878787878,0.85,0.02857142857142857,0.21666666666666667,0.27843145783708684,0.5541912095190784
