Type,Project,ModelBalance,tp,fp,tn,fn,precision,recall,accuracy,inspection_rate,f1_score,mcc,auc_pr
within,hadoop,smoteover_naivebayes,6.0,1539.0,55.0,0.0,0.0039096687127247,0.6,0.038125,0.965625,0.0077687043789138,0.0096505810417633,0.5032580572606039
within,hbase,smoteover_naivebayes,4.0,678.0,44.0,0.0,0.0059056033480585,0.4,0.0661149162861491,0.9393645357686452,0.0116393189332838,0.0130669482301892,0.5073820041850732
within,struts,smoteover_naivebayes,9.0,85.0,11.0,0.0,0.0969877344877345,0.9,0.1890909090909091,0.8963636363636363,0.1747979797979797,0.0760938256046349,0.5538820747154081
within,total,smoteover_naivebayes,19.0,2302.0,110.0,0.0,0.008186126669538992,1.0,0.05306458247634718,0.9337843907107605,0.01623931623931624,0.019321770577836742,0.5215073787203617
