,tp,fp,tn,fn,precision,recall,accuracy,inspection_rate,f1_score,mcc,auc_pr
0,1.0,10.0,162.0,13.0,0.09090909090909091,0.07142857142857142,0.8763440860215054,0.05913978494623656,0.08,0.014862996314568118,0.11611506772797095
1,1.0,12.0,160.0,12.0,0.07692307692307693,0.07692307692307693,0.8702702702702703,0.07027027027027027,0.07692307692307693,0.007155635062611807,0.09583057275364969
2,2.0,22.0,322.0,25.0,0.08391608391608392,0.07417582417582418,0.8733071781458879,0.06470502760825342,0.07846153846153847,0.011009315688589962,0.10597282024081031
