,tp,fp,tn,fn,precision,recall,accuracy,inspection_rate,f1_score,mcc,auc_pr
0,1.0,1.0,0.0,1.0,0.5,0.5,0.3333333333333333,0.6666666666666666,0.5,-0.5,0.6666666666666666
1,1.0,1.0,0.0,0.0,0.5,1.0,0.5,1.0,0.6666666666666666,0.0,0.75
2,2.0,2.0,0.0,1.0,0.5,0.75,0.41666666666666663,0.8333333333333333,0.5833333333333333,-0.25,0.7083333333333333
