,tp,fp,tn,fn,precision,recall,accuracy,inspection_rate,f1_score,mcc,auc_pr
0,0.0,0.0,906.0,280.0,0.0,0.0,0.7639123102866779,0.0,0.0,0.0,0.21672039883405247
1,0.0,0.0,906.0,280.0,0.0,0.0,0.7639123102866779,0.0,0.0,0.0,0.28258263179152765
2,0.0,0.0,1812.0,560.0,0.0,0.0,0.7639123102866779,0.0,0.0,0.0,0.24965151531279006
