,tp,fp,tn,fn,precision,recall,accuracy,inspection_rate,f1_score,mcc,auc_pr
0,1.0,7.0,17.0,4.0,0.125,0.2,0.6206896551724138,0.27586206896551724,0.15384615384615385,-0.07747247335011402,0.23146551724137931
1,1.0,4.0,20.0,3.0,0.2,0.25,0.75,0.17857142857142858,0.22222222222222224,0.0761386987626881,0.2785714285714286
2,2.0,11.0,37.0,7.0,0.1625,0.225,0.6853448275862069,0.22721674876847292,0.18803418803418803,-0.0006668872937129616,0.25501847290640395
