,tp,fp,tn,fn,precision,recall,accuracy,inspection_rate,f1_score,mcc,auc_pr
0,41.0,1.0,5.0,1.0,0.9761904761904762,0.9761904761904762,0.9583333333333334,0.875,0.9761904761904762,0.8095238095238095,0.9866071428571429
1,40.0,0.0,6.0,2.0,1.0,0.9523809523809523,0.9583333333333334,0.8333333333333334,0.975609756097561,0.8451542547285166,0.9970238095238095
2,81.0,1.0,11.0,3.0,0.9880952380952381,0.9642857142857142,0.9583333333333334,0.8541666666666667,0.9759001161440186,0.8273390321261631,0.9918154761904763
