,tp,fp,tn,fn,precision,recall,accuracy,inspection_rate,f1_score,mcc,auc_pr
0,47.0,30.0,0.0,0.0,0.6103896103896104,1.0,0.6103896103896104,1.0,0.7580645161290321,0.0,0.48579663973906784
1,45.0,29.0,0.0,2.0,0.6081081081081081,0.9574468085106383,0.5921052631578947,0.9736842105263158,0.7438016528925621,-0.12913655841319263,0.6294603674222935
2,92.0,59.0,0.0,2.0,0.6092488592488592,0.9787234042553192,0.6012474367737526,0.986842105263158,0.7509330845107971,-0.06456827920659632,0.5576285035806807
